name,f1_macro,f1_weighted,acc
sa_lstm_stbs,0.8506713969138137,0.9184088814424181,0.921875
