name,f1_macro,f1_weighted,acc
sa_lstm_glove,0.8187132931442717,0.8954118902967005,0.8958333333333334
