name,f1_macro,f1_weighted,acc
sa_lstm_ft,0.7770569433030223,0.8724399516258788,0.8723958333333334
