name,f1_macro,f1_weighted,acc
sa_lstm_w2v,0.7966308847698101,0.8867380500556491,0.8880208333333334
